CREATE DATABASE  IF NOT EXISTS `uptask_mvc` /*!40100 DEFAULT CHARACTER SET utf8mb4 COLLATE utf8mb4_0900_ai_ci */ /*!80016 DEFAULT ENCRYPTION='N' */;
USE `uptask_mvc`;
-- MySQL dump 10.13  Distrib 8.0.32, for Win64 (x86_64)
--
-- Host: localhost    Database: uptask_mvc
-- ------------------------------------------------------
-- Server version	8.0.32

/*!40101 SET @OLD_CHARACTER_SET_CLIENT=@@CHARACTER_SET_CLIENT */;
/*!40101 SET @OLD_CHARACTER_SET_RESULTS=@@CHARACTER_SET_RESULTS */;
/*!40101 SET @OLD_COLLATION_CONNECTION=@@COLLATION_CONNECTION */;
/*!50503 SET NAMES utf8 */;
/*!40103 SET @OLD_TIME_ZONE=@@TIME_ZONE */;
/*!40103 SET TIME_ZONE='+00:00' */;
/*!40014 SET @OLD_UNIQUE_CHECKS=@@UNIQUE_CHECKS, UNIQUE_CHECKS=0 */;
/*!40014 SET @OLD_FOREIGN_KEY_CHECKS=@@FOREIGN_KEY_CHECKS, FOREIGN_KEY_CHECKS=0 */;
/*!40101 SET @OLD_SQL_MODE=@@SQL_MODE, SQL_MODE='NO_AUTO_VALUE_ON_ZERO' */;
/*!40111 SET @OLD_SQL_NOTES=@@SQL_NOTES, SQL_NOTES=0 */;

--
-- Table structure for table `proyectos`
--

DROP TABLE IF EXISTS `proyectos`;
/*!40101 SET @saved_cs_client     = @@character_set_client */;
/*!50503 SET character_set_client = utf8mb4 */;
CREATE TABLE `proyectos` (
  `id` int NOT NULL AUTO_INCREMENT,
  `proyecto` varchar(60) DEFAULT NULL,
  `url` varchar(32) DEFAULT NULL,
  `propietarioId` int DEFAULT NULL,
  PRIMARY KEY (`id`),
  KEY `fk_proyectos_usuarios_idx` (`propietarioId`),
  CONSTRAINT `fk_proyectos_usuarios` FOREIGN KEY (`propietarioId`) REFERENCES `usuarios` (`id`) ON DELETE SET NULL ON UPDATE SET NULL
) ENGINE=InnoDB AUTO_INCREMENT=4 DEFAULT CHARSET=utf8mb4 COLLATE=utf8mb4_0900_ai_ci;
/*!40101 SET character_set_client = @saved_cs_client */;

--
-- Dumping data for table `proyectos`
--

LOCK TABLES `proyectos` WRITE;
/*!40000 ALTER TABLE `proyectos` DISABLE KEYS */;
INSERT INTO `proyectos` VALUES (1,' Test de proyectio test TEST','369118b11a8e4a80851bec617ddb8292',5),(2,'GO FUCK Yourself','412a1f08bf20918deea8da41f4031254',5),(3,' Test de HDPT co単o','9f6e5ec1f7530da259b76085c870aea6',6);
/*!40000 ALTER TABLE `proyectos` ENABLE KEYS */;
UNLOCK TABLES;

--
-- Table structure for table `tareas`
--

DROP TABLE IF EXISTS `tareas`;
/*!40101 SET @saved_cs_client     = @@character_set_client */;
/*!50503 SET character_set_client = utf8mb4 */;
CREATE TABLE `tareas` (
  `id` int NOT NULL AUTO_INCREMENT,
  `nombre` varchar(60) DEFAULT NULL,
  `estado` tinyint(1) DEFAULT NULL,
  `proyectoId` int DEFAULT NULL,
  PRIMARY KEY (`id`),
  KEY `fk_tareas_proyectos_idx` (`proyectoId`),
  CONSTRAINT `fk_tareas_proyectos` FOREIGN KEY (`proyectoId`) REFERENCES `proyectos` (`id`) ON DELETE SET NULL ON UPDATE SET NULL
) ENGINE=InnoDB AUTO_INCREMENT=15 DEFAULT CHARSET=utf8mb4 COLLATE=utf8mb4_0900_ai_ci;
/*!40101 SET character_set_client = @saved_cs_client */;

--
-- Dumping data for table `tareas`
--

LOCK TABLES `tareas` WRITE;
/*!40000 ALTER TABLE `tareas` DISABLE KEYS */;
INSERT INTO `tareas` VALUES (1,' A単adir Composer hijo de tu motherfucker',0,2),(2,'Fuck OMG',0,2),(4,'A単adir un cuycito/conejito con lazito',0,2),(6,' Aprender lore de putoCraft',1,2),(7,' Aprende a dise単ar PUTO de MRD',0,2),(9,'Holy shittt!!!-!!!!',1,2),(10,'Espero que los tester NO ME JODAN CRJ !!!',1,1),(12,' PUTA DE MIERDA, HOLY SHITTTTT !!!!',0,2),(13,' IBK - NTTDATA',1,2),(14,' NUEVA TAREA DE MIERDA, HIJOS DE PUTA !!!',0,1);
/*!40000 ALTER TABLE `tareas` ENABLE KEYS */;
UNLOCK TABLES;

--
-- Table structure for table `usuarios`
--

DROP TABLE IF EXISTS `usuarios`;
/*!40101 SET @saved_cs_client     = @@character_set_client */;
/*!50503 SET character_set_client = utf8mb4 */;
CREATE TABLE `usuarios` (
  `id` int NOT NULL AUTO_INCREMENT,
  `nombre` varchar(30) DEFAULT NULL,
  `email` varchar(30) DEFAULT NULL,
  `password` varchar(60) DEFAULT NULL,
  `token` varchar(32) DEFAULT NULL,
  `confirmado` tinyint(1) DEFAULT NULL,
  PRIMARY KEY (`id`)
) ENGINE=InnoDB AUTO_INCREMENT=7 DEFAULT CHARSET=utf8mb4 COLLATE=utf8mb4_0900_ai_ci;
/*!40101 SET character_set_client = @saved_cs_client */;

--
-- Dumping data for table `usuarios`
--

LOCK TABLES `usuarios` WRITE;
/*!40000 ALTER TABLE `usuarios` DISABLE KEYS */;
INSERT INTO `usuarios` VALUES (5,' Test-PUTA','mimi01@correo.com','$2y$10$WwVfuqFy9ll4FCQ4w8qBvOaKS6QlEFNXJFS3JRi2QGATRBBW70AZW','',1),(6,' Micaela','mimi02@correo.com','$2y$10$5Tt4BsZTwJj.93rq7X7Q8OgK0nSErs9jhard9bPzSiwrgWQkKDAyi','',1);
/*!40000 ALTER TABLE `usuarios` ENABLE KEYS */;
UNLOCK TABLES;
/*!40103 SET TIME_ZONE=@OLD_TIME_ZONE */;

/*!40101 SET SQL_MODE=@OLD_SQL_MODE */;
/*!40014 SET FOREIGN_KEY_CHECKS=@OLD_FOREIGN_KEY_CHECKS */;
/*!40014 SET UNIQUE_CHECKS=@OLD_UNIQUE_CHECKS */;
/*!40101 SET CHARACTER_SET_CLIENT=@OLD_CHARACTER_SET_CLIENT */;
/*!40101 SET CHARACTER_SET_RESULTS=@OLD_CHARACTER_SET_RESULTS */;
/*!40101 SET COLLATION_CONNECTION=@OLD_COLLATION_CONNECTION */;
/*!40111 SET SQL_NOTES=@OLD_SQL_NOTES */;

-- Dump completed on 2024-02-10 17:39:53
